{"cameraMode":{"drawMode":0,"name":"Shaded","section":"Shading Mode"},"sceneLighting":false,"audioPlay":false,"sceneViewState":{"m_AlwaysRefresh":false,"showFog":false,"showSkybox":false,"showFlares":false,"showImageEffects":false,"showParticleSystems":false,"showVisualEffectGraphs":true,"m_FxEnabled":true},"in2DMode":false,"pivot":{"x":-0.035761237144470218,"y":0.8254297971725464,"z":0.03806561231613159},"rotation":{"x":0.21647775173187257,"y":0.25547873973846438,"z":-0.05876847729086876,"w":0.9406086206436157},"size":1.5620267391204835,"orthographic":false}