{"cameraMode":{"drawMode":0,"name":"Shaded","section":"Shading Mode"},"sceneLighting":true,"audioPlay":false,"sceneViewState":{"m_AlwaysRefresh":true,"showFog":true,"showSkybox":true,"showFlares":true,"showImageEffects":true,"showParticleSystems":true,"showVisualEffectGraphs":true,"m_FxEnabled":true},"in2DMode":false,"pivot":{"x":1.6933064460754395,"y":1.7177371978759766,"z":-5.20623254776001},"rotation":{"x":-0.05569877848029137,"y":-0.05321444198489189,"z":0.003089712932705879,"w":-0.9971163868904114},"size":0.14680282771587373,"orthographic":false}